AIエージェント,1000,1000,0,名詞,AIエージェント
AI Agent,1000,1000,0,名詞,AI Agent
深層学習,1000,1000,0,名詞,深層学習
ディープラーニング,1000,1000,0,名詞,ディープラーニング
Deep Learning,1000,1000,0,名詞,Deep Learning
生成AI,1000,1000,0,名詞,生成AI
インフルエンサー,1000,1000,0,名詞,インフルエンサー
逐次学習,1000,1000,0,名詞,逐次学習
傾向スコア,1000,1000,0,名詞,傾向スコア
ロジスティック回帰,1000,1000,0,名詞,ロジスティック回帰
マルチエージェント,1000,1000,0,名詞,マルチエージェント
因果推論,1000,1000,0,名詞,因果推論
ECサイト,1000,1000,0,名詞,ECサイト
強化学習,1000,1000,1,名詞,強化学習
深層強化学習,1000,1000,0,名詞,深層強化学習
OpenAI,1000,1000,0,名詞,OpenAI
データマイニング,1000,1000,0,名詞,データマイニング
ニューラルネットワーク,1000,1000,0,名詞,ニューラルネットワーク
ChatGPT,1000,1000,0,名詞,ChatGPT
世界モデル,1000,1000,0,名詞,世界モデル
巡回セールスマン問題,1000,1000,0,名詞,巡回セールスマン問題
AIガバナンス,1000,1000,0,名詞,AIガバナンス
AIアラインメント,1000,1000,0,名詞,AIアラインメント
Large Language Model,1000,1000,0,名詞,Large Language Model
ファインチューニング,1000,1000,0,名詞,ファインチューニング
意思決定,1000,1000,0,名詞,意思決定
自動運転,1000,1000,0,名詞,自動運転